{"options":{"hasObfuscationDictionary":false,"hasClassObfuscationDictionary":false,"hasPackageObfuscationDictionary":false,"keepAttributes":{"isAnnotationDefaultKept":true,"isEnclosingMethodKept":true,"isExceptionsKept":false,"isInnerClassesKept":true,"isLocalVariableTableKept":false,"isLocalVariableTypeTableKept":false,"isMethodParametersKept":false,"isPermittedSubclassesKept":false,"isRuntimeInvisibleAnnotationsKept":false,"isRuntimeInvisibleParameterAnnotationsKept":false,"isRuntimeInvisibleTypeAnnotationsKept":false,"isRuntimeVisibleAnnotationsKept":true,"isRuntimeVisibleParameterAnnotationsKept":true,"isRuntimeVisibleTypeAnnotationsKept":true,"isSignatureKept":true,"isSourceDebugExtensionKept":false,"isSourceDirKept":false,"isSourceFileKept":false,"isStackMapTableKept":false},"isAccessModificationEnabled":false,"isFlattenPackageHierarchyEnabled":false,"isObfuscationEnabled":true,"isOptimizationsEnabled":false,"isProGuardCompatibilityModeEnabled":false,"isProtoLiteOptimizationEnabled":false,"isRepackageClassesEnabled":false,"isShrinkingEnabled":true,"apiModeling":{},"minApiLevel":"23","isDebugModeEnabled":false},"baselineProfileRewriting":{},"compilation":{"buildTimeNs":28816376500,"numberOfThreads":12},"dexFiles":[{"checksum":"b4f277ee2b795b6aa31f12e7ebcb07d663a6ee980d50eccd582b2bbec517bd78","startup":false}],"stats":{"noObfuscationPercentage":10.5,"noOptimizationPercentage":100.0,"noShrinkingPercentage":10.98},"version":"8.10.21"}